Hotel Name,Address / Location,State,Phone,Email,Type (Star Category),Rooms,Budget,Who Traveling,Most Popular Facilities,Availability,Guest Reviews,Price (Per Night),Distance From Popular Places,Star Rating,Image URL
Taj Fort Aguada Resort & Spa,"Sinquerim Beach, Candolim, Bardez",Goa,+91 832-6645858,fortaguada.goa@tajhotels.com,5-Star Luxury Resort,143,Luxury,"Couple, Family, Friends","Free WiFi, Infinity Pool, Spa, Sea View, Fitness Centre",Available,9.4 Excellent,18500,"Candolim Beach - 500m, Aguada Fort - 1km",5,https://lh3.googleusercontent.com/p/AF1QipPHqHg8lp38kifiUP2iJ40qIctEpt5k6HEuab7m=s680-w680-h510-rw
Lemon Tree Amarante Beach Resort,"Vadi, Candolim, Bardez",Goa,+91 832-6648188,hi.go@lemontreehotels.com,4-Star Resort,65,Moderate,"Solo, Couple, Family","Pool, Restaurant, Free WiFi, Gym",Available,8.3 Very Good,8500,Candolim Beach - 700m,4,"https://www.lemontreehotels.com/uploads/hotelslider/12_21_2023_01_21_376.13.02.01-Facade,-night.jpg"
,,,,,,,,,,,,,,,
,,,,,,,,,,,,,,,
Aguada Anchorage ľ The Villa Resort,"Fort Aguada Road, Sinquerim",Goa,0832-6630801,info@aguadaanchorage.com,4-Star Villa Resort,25,Moderate / Luxury,"Family, Friends","Private Villas, Kitchenette, Pool",Available,8.7 Excellent,15000,Sinquerim Beach - 600m,4,https://lh3.googleusercontent.com/gps-proxy/ALd4DhGI2vC7YTg_8y_pwy3E4OgZz84s6YFfXVLu9E-IYqZl_zo2AdAOtq1cIwPNFnZiTo-_kyJgz5MZ3eYyVoFTDjVLSf4CjX0-keGPqgfmWpuBzXHLudcTQrxVirG7ZcJMUgrjEyeh9Y_9oECJbfuTa6fs_OnjIULMd8PyJBDrW4GEdNW2fP88e5E-zg=w324-h312-n-k-no
Radisson White Sands Resort,"Pedda, Varca",Goa,+91 832-2727272,sales@radissongoa.com,5-Star Resort,52,Luxury,"Couple, Family","Beachfront, Spa, Pool, Bar",Limited Rooms,8.9 Superb,16000,Varca Beach - 100m,5,"http://r1imghtlak.mmtcdn.com/bf3b66a0-2295-4b0b-9eb6-c79f84569fbc.jpg?&output-quality=75&downsize=520:350&crop=520:350;0,20&output-format=jpg&downsize=480:336&crop=480:336"
,,,,,,,,,,,,,,,
,,,,,,,,,,,,,,,
Kiara BnB Home,"Anjuna Beach Road, Anjuna",Goa,+91 99229 57551,bookings@kiarabnb.com,Budget Guest House,10ľ15,Cheap,"Solo, Friends","Free WiFi, Terrace, Airport Shuttle",Available,7.8 Good,1800,Anjuna Beach - 2km,2,https://pix8.agoda.net/hotelImages/859482/-1/0619656e2258bc3bc5f48371cc67990e.jpg?ca=7&ce=1&s=1024x
Casa Paradiso,"G Block, Opp. Cafe Real, Panjim",Goa,+91 832-2421272,casaparadisogoa@gmail.com,Budget Hotel,20ľ25,Cheap,"Solo, Couple","AC Rooms, Free WiFi, Parking",Available,7.5 Good,2200,Panjim Church - 500m,2,"https://r2imghtlak.mmtcdn.com/r2-mmt-htl-image/htl-imgs/202212191804398481-6d904a19-cb8b-4ee2-9c79-dd2ee5d4cc8e.jpg?&output-quality=75&downsize=520:350&crop=520:350;2,0&output-format=jpg&downsize=480:336&crop=480:336"
,,,,,,,,,,,,,,,
,,,,,,,,,,,,,,,
,,,,,,,,,,,,,,,
,,,,,,,,,,,,,,,
,,,,,,,,,,,,,,,
,,,,,,,,,,,,,,,
The Lalit Grand Palace Srinagar,"Gupkar Road, Srinagar",Jammu & Kashmir,+91 194-2501001,srinagar@thelalit.com,5-Star Luxury Palace Hotel,113,Luxury,"Couple, Family, Friends","Heated Pool, Spa, Lake View Rooms, Gardens",Available,9.2 Excellent,21000,"Dal Lake ľ 1 km, Nishat Garden ľ 4 km",5,https://www.thelalit.com/wp-content/uploads/2022/05/srinagar1.jpg
,,,,,,,,,,,,,,,
Fortune Resort Heevan Srinagar,"Near Nishat Garden, Srinagar",Jammu & Kashmir,+91 194-2465001,reservations@fortunehotels.in,4-Star Resort,39,Moderate,"Family, Couple","Free WiFi, Garden View, Multi-Cuisine Restaurant",Available,8.4 Very Good,8500,Nishat Garden ľ 300m,4,https://www.itchotels.com/content/dam/itchotels/in/umbrella/fortune/hotels/fortuneresortheevan-srinagar/images/overview-landing-page/headmast/desktop/facade-front.jpg
Hotel Royal Batoo Srinagar,"Dalgate Bridge, Srinagar",Jammu & Kashmir,+91 97960 88911,info@hotelroyalbatoo.com,4-Star Hotel,45,Moderate,"Family, Friends","Free WiFi, Spacious Rooms, Restaurant",Available,8.1 Very Good,7000,Dal Lake ľ 1.2 km,4,https://lh3.googleusercontent.com/gps-proxy/ALd4DhFubganE2j3qiFXCDKg_GRJP9uCZHR_dGG-citIEjo98wgvhfzBM8bSIJ4mFgExZA-C84_s3sxmCJKiAlZ1hxgBZFxQ2xpxI9gThvwlRU2q1yHCY9J7rvVdsGYGEbH-MjIFhQZwWmVDJHkYboOU6jezn5YTNsSO9F2FJzPMn4aajMiuwvROt_x3KQ=w324-h312-n-k-no
,,,,,,,,,,,,,,,
,,,,,,,,,,,,,,,
,,,,,,,,,,,,,,,
Hotel Heevan Pahalgam,"Aru Road, Pahalgam",Jammu & Kashmir,+91 194-2467720,info@hotelheevan.com,4-Star Resort,50,Moderate,"Family, Friends","River View, Garden, WiFi",Available,8.2 Very Good,7500,Pahalgam Market ľ 1.5 km,4,https://lh3.googleusercontent.com/gps-proxy/ALd4DhG5uvtlKe9jWkw-OuarxHvbuqRlkSGEHeEquG-MCaiBGkgrev2Hx_uSA1oyEMA5RmG3pAv9yHiuQAis_f2WxgD1n0HvT_wzOM454Io0W-n4R1JiNS6vdet9kL4Nd7rWBGMypWUdm5PP5pJd5AMOisO4PHg_pHk71DFhbphWhqylLT8MQ6TrgnjA9g=w324-h312-n-k-no
Hotel Tourist Palace Pahalgam,"Main Market, Pahalgam",Jammu & Kashmir,+91 99065 55000,touristpalacephg@gmail.com,Budget Hotel,25,Cheap,"Solo, Friends","Free WiFi, Market Access, Parking",Available,7.4 Good,2500,Main Market ľ 50m,2,"data:image/jpeg;base64,/9j/4AAQSkZJRgABAQAAAQABAAD/4QCiRXhpZgAASUkqAAgAAAAEADEBAgAHAAAAPgAAADsBAgALAAAARQAAAJiCAgALAAAAUAAAAGmHBAABAAAAXAAAAAAAAABHb29nbGUARkFIQUQgS0lOVQBGYWhhZCBLaW51AAADAACQBwAEAAAAMDIyMAOQAgAUAAAAhgAAAJGSAgACAAAANAAAAAAAAAAyMDI1OjA3OjI5IDE3OjU1OjU3AP/hAxVodHRwOi8vbnMuYWRvYmUuY29tL3hhcC8xLjAvADw/eHBhY2tldCBiZWdpbj0i77u/IiBpZD0iVzVNME1wQ2VoaUh6cmVTek5UY3prYzlkIj8+IDx4OnhtcG1ldGEgeG1sbnM6eD0iYWRvYmU6bnM6bWV0YS8iIHg6eG1wdGs9IlhNUCBDb3JlIDUuNS4wIj4gPHJkZjpSREYgeG1sbnM6cmRmPSJodHRwOi8vd3d3LnczLm9yZy8xOTk5LzAyLzIyLXJkZi1zeW50YXgtbnMjIj4gPHJkZjpEZXNjcmlwdGlvbiByZGY6YWJvdXQ9IiIgeG1sbnM6eG1wPSJodHRwOi8vbnMuYWRvYmUuY29tL3hhcC8xLjAvIiB4bWxuczpkYz0iaHR0cDovL3B1cmwub3JnL2RjL2VsZW1lbnRzLzEuMS8iIHhtbG5zOmV4aWY9Imh0dHA6Ly9ucy5hZG9iZS5jb20vZXhpZi8xLjAvIiB4bWxuczpwaG90b3Nob3A9Imh0dHA6Ly9ucy5hZG9iZS5jb20vcGhvdG9zaG9wLzEuMC8iIHhtcDpDcmVhdG9yVG9vbD0iR29vZ2xlIiBleGlmOkRhdGVUaW1lT3JpZ2luYWw9IjIwMjUtMDctMjlUMTc6NTU6NTcuNCswMDowMCIgcGhvdG9zaG9wOkRhdGVDcmVhdGVkPSIyMDI1LTA3LTI5VDE3OjU1OjU3LjQrMDA6MDAiPiA8ZGM6cmlnaHRzPiA8cmRmOkFsdD4gPHJkZjpsaSB4bWw6bGFuZz0ieC1kZWZhdWx0Ij5GYWhhZCBLaW51PC9yZGY6bGk+IDwvcmRmOkFsdD4gPC9kYzpyaWdodHM+IDxkYzpjcmVhdG9yPiA8cmRmOlNlcT4gPHJkZjpsaT5GQUhBRCBLSU5VPC9yZGY6bGk+IDwvcmRmOlNlcT4gPC9kYzpjcmVhdG9yPiA8L3JkZjpEZXNjcmlwdGlvbj4gPC9yZGY6UkRGPiA8L3g6eG1wbWV0YT4gICA8P3hwYWNrZXQgZW5kPSJ3Ij8+/9sAhAAgFhgoIyArKCYoMC4sMjtVQDo4ODtXTk9FVWhabnVmWmVldYWskHV9on5lZZXOlqKyuMLEwnCO1ubUvOStvsK6ASIkJDErMV01NV26eGV9urq6urq6urq6urq6urq6urq6urq6urq6ur26urq6vbq9ur29urq6ur26ur26vb26ur3/wAARCAE4AUQDAREAAhEBAxEB/8QAGgAAAwEBAQEAAAAAAAAAAAAAAQIDBAAFBv/EAEAQAAEDAgQDBQUIAgEDAwUAAAEAAhEDIQQSMUFRYXETIjKBkaGxwdHwBRQjM0JSYnLh8ZJDosI0grIVJFNzg//EABgBAQEBAQEAAAAAAAAAAAAAAAABAgME/8QAJBEBAQACAwEAAwEBAQADAAAAAAECERIhMUEDMlFCE2EUInH/2gAMAwEAAhEDEQA/APUyupHuyRuOXHRVGsGRIUUUHIOQAqhCFUI4KsjEooEEIgsHFSrDhRXFByDkHIOdogUFVDbKKEKgyoOQEICSooSqCoOQcgKDkHIAg5ACVUSctRmkJWkCUHSg5AzQpVimiyp1FKBCBwVFFByAIOQAhVAQdIQdCDkHIOQcgBKAEqhZRDZkAzIODkHZkBDkDAqK6UBlAZUVyDkHICg5ACgRxViUNVUSc0gLW2dFVHAFEUAUaMBCiuQOsq5AQVFcqjpQdKiig5B0IFyq7TTkClUdKAqDkClVAAQcWqiZMIjpQcgMoCHIHDlFFFGUHSoGCK5AVByASqgIAqJkqsg50hXRsAFUOsq4IORRDE2aQbVquLbiDy3GoWFXp1ps5uU9UVVApVQhKqODkDByijKAgoCooKhSEQIVBhAYUClUISiFLlQhKI4FAZQdKAoOBQVbooooAgYORRlQFByK5EKQqJ1KzGzLvIXKgUEOaHDQiVuMuhVBUHIqgba6ztdDoiulBnpPDy4OGUk256Ssi3ZBwvr8UVS+qBS5VCEqoCo6VAZQEFFOCoGRXKAFUAIgoBCBHNVRJwhUIURyAhACg6UBBQUainUHICgJIAkkAc1FSdi6Y/VPQII1PtAjw0y4b3gxyQCr9qUw38MF7uB7oHUnRRXnPx9VxLnEvEWa3utHxKbXTK+vUqSC7KODbIunsfZuI7SnB8TVcaxlNNmWVrbOnBhTZozWKWrI4sPFNmgcCFRwemjadBhynN4g4358VhWmUVyBXNVRMhVCqgoOQEFQOCiiCoGRQQcgKg5AC1Ar2SFZUSczdaRMi6IKDi2ECwgIQF1QMaXOMNGpQD71TgEOzTpF1FI7G/tZ6lBI4iq7Qx/UKLpnqVmNPfqNkc8x9inKLxSfjqYHda506aAfP2KbrXElP7QGaKjMjdiCTHVN0sXr4cVBLYkix2P1xWvWRw7mPb2ThlqN1B35hZsalZatAh45mFJfjVnWzYOqaVUHjY/Xs81YzZuPoWODmgjQrTBkV0ogSgBQDKrtNCIiyiulA0ooqBS1VHZE2OyJsAsTZpMqoIKBgUU6iuQcg5AVAUHIFIsqJPpbhXbOnMYg5zECZFQciDDisQ0tNwKY1PFZtWRjr41lM5QwuOuoA+Kzu1rizPx1U+ENZ0En2p2vSL3vqeN7ncifgmjYimRHdI8ldGztokjT6lRQq0i3UWVQMPiX0D3e8w6sOnlwKmkeh+FimZmOIc3f9Tf8K7/qEFVweGVxDho7ZyljUy61XNwlSo9wY0kG87X5ou9PcwtI06TWuILt4WmFERyDkHIOhB4rMc4Q1oyjQg3grPaKUnVAC7LLiQSTcf4VVtoVKhHfDZ5FUaMyA5kBlRRQcgR8KoiStIZpUFA5RRQcgKKKgKDkHIAg6EHIAWqjzsZiQQRMUx4jx5dPelqSPFxFc1XcGjwt+J5rLfgUu6c0Axx0Si/YuIzBjBN7yU2aV+7PEfiQDs0Ae1N2mpHdiBkEudLjdxnZD6rk9/8A5IpzSDmQeJ96DzX4Y5nBoJggWE7A/FVKzQ6m+RLHjdEehRxbMQ3s64DXHQ6A/IpvQ00MVUwjgyp3qU2O4VZ8exTe17Q5pkFQTq4ljDF3HgFLlI1q1gxH2s0GGm/Btz6myd1LqMuH+0nNrhzx3DY3JPqrMdM3Lb3mkESNCqoor52ix7nvbJzAaG6yypFek0kOMD6ATVFsPiqosWxJtI3VlqtXa1G3MOBNosqi1OoHiQqKByKYOU0HlRQIlUT7K6u0040uCbNBlIRDAoppUBlFFQFByDkHIOQcgwYzFCC0GGjxO+CDwsRXNU8GDQfEqNeFp0y75pbok22swnej9IA8zqs4991cuumpzPCI+rJPaXwxZLhaUw7TJKuIfTWr4Rzhbbb3rO2lKfhHU+8LUZJhGg1KktkZxtP6VUrzsdPbgES0houpjfi5T6z1KRa4tcNCqjVhsRUA7OpTdUp6aS5vluE1rwVex9AZqZLqR2vbqEs2nna2GqtqFsGVz46rrMpYw4inleTxv5rpjWM8fqOcRdacno/Z32hUZTLBSdUjwnQeqixc4jGOvnpN5BpKKWan5kNzC0jdTsWqYV7wQ5xkmSAbFLNmhpNc3K1xJDTuB0lUaWU4kbAyFQBSyuzDXQ9EFQgMICEBlQMFFMgBQDKqBkTaOhByBgoooOQBByDFjMVqxpgDxO4ckHi4mqamXL4NmjW25Czvdb1pBjZk8NSrbpPXpUsMAW7ADTnrr5LnO92tXrWmym3vefwW8fGMvSx3x1+Kzj7WsvIamO+n4/pn8Z8T+ZS6fJb+JA/x71GlGaD63ViUmHqNpuquc9rQHgku/qjNYK9VtZ4NNrnQQZi1oUxxsu1uXWlDTqVDmqOjk2y2y0Yak1gLYgm8HfmrEq3ZM/Y30VQn3WnIcAWkbgkJqGy1cGH6vd5wpxi86Wng+zu1rHu4ukH4q6TZ3mqB3aYJ/tYKaVle7EzfMP6st7QVOx6UHsyGQ9sXG8oK0q7XtiYc3igsYIIO6qOBtfVFcg5AwcgZQBAwRRUHIOQcg5AIVHSoDKDkHIM2LxdOmC0uOY7N1HOdk2Pn8Tic5yizBp/LmVPVnTsMwl4I4qNtmFoNfEi17ef+EnrN8a2i/wBc1meVb6rRFx1K1j5GcvU2kZ78fisYfW8vjmPyum3Up+P6ZspqNqVGhrs2UXjbRbSJ1MVTZbNJt3W3KaNpmvXfZjRTbxdcrWmbXMwQccz5edy7QJ1E9M7EUqY1zcmaeuim14s78fUPhApjlc+qer4zOIcZd3jxN00bDO4eF7m9HEKp0o3F1gLVncpAKu6mooPtOuNmHyPzV3U4rN+13CM1IeTvgmziq37XpHxNe3ylNpqq/wD1Ohu+OrXfJNmnqdiNY7yilNEZpixFwVQBTynu+iIZAUHIrkQzSimlQcCgYFFFQdCAKjkHFBg++uLnFgBZ+kkG/NEH75U/a30KAOx72iS1p9QiufihXhoq9iN5Fz0P0VB5hwdR1RzSRlDjBPvhItaWYWmBlLQ7jI1U3qrrcBlINAgbqfV+K/ZzbD+vxKmPtTLyKtN1mXpq+ga7aYl7g0Ceq3j4zfWSpjD4mNAH732Hkpjjot2yOqGof1Vf+1n+VuRNqDDvfAc+B+1ggJpNnFOlQEEtby1Pom10m/GWJps03f8AL/aztdMdWq+p43F3Lb0RTBp7IviwMJ9PhuxJa0/uErWmdh93cqEq0SxhcdAg6pSaw5TUE8MpRE4kOI/TE+qA0aTniW8Y84n4IAG96N0BIRX1eDe57JfYnaR7FmW/UWIWkDKgBCoEIAiORXICCgIQMoDKKMoBKDkR5v2jixDmfpFnfyP7R8f9qDxXk1HEnfUfBGlqWEaWz3h0Km10duGNy2o8Qf3FVEfvFRvjaHewoaVp4lv6H5T+12nyRGlmLIID2xOhCzY1KqdPJWLS0cQ2k1oMl2UDK3VSRLUauLdoXCnOw7zz5DRJNFv9Rax7rgZf5P7zvkFrTO1RhWjv1DJ/c8+7/CbkNWufiabRLQXjSdGqba4stTGvdYHKODbKDPKoCGzBtlFVZhqjqZM9yCY6cldppupM/CpcgAtMxxqND8m+WeWwQUfTa5pBAIMoMtfDmIcDUYNCPGzpxHJBmZQcG1SCHMcyzhpYjXgUX6P2eYa7k5pHmHBETa8Pqtc0EBxFjsgqaBIaZHhG/JRqPWwtR1VwPhLdCBtG6zGG0VXN/MIsY/ytKU41geGzrodk2jSqoEIhSFQIQGEBhB0ICoCg4oOhBkx2K7MZGmHkST+0cevBQeFXcXG2g05T8VNta0tRw8NM6kDyusb3W9aja5gEgbAD1Kb7T4RlmOPN3vWrSRneAVG9Jfcs/IcVdsaXpYRlJupPU29FdmhfiWukUwX8xYevySRLYRmHedTkbu1lvUq9RO6XtaFKzYJ4ME+3/anL+HFJ+PefCAz2n1Remao8uMkkniTKaNgJKGzilItPMoCKI1m3K6mzX9OaQymx0NyVYXR20fryWW9NTcMSyc0AB0CNt1qOdUb4G/XFaSMeLZmqOHGn/wCQUaZ6GNfTs7vN0lXbOnp06rXEwbgwQgnUpNAc4CC5sGN1K1GTCts+NoPoVWakxmV4nZ6C1ak1xBgaRqdrKVY3Mx3Z0w0BsjcrMrO0u2zSXOzEizXAxEackGyhiqJpw9hurs2q3GMYTZ+XgQbf4TYu3FU3RE34hXaqghwkGVUcgKAKjkBBUHNeHDukHoUUUQQisOP+z3V3BzagbxBGqDyRhywkO1uJHRYrbcxvhHQexYx9XLw7/E7+yT0viDG5qUTEhbAc6lR8ThPO5PkibTOIe+1Jkfyd8ldJyTqNY0/j1MxH6Tf/ALR8U3PiatTfjTH4dOAP1Ov7Bb3ptdIB1Ss8Bzi48zYeSilOpJ24BUrmMLrgWTxO6oKOl56KbNHp0znaC0NkEnchEXbQEQ45+ZQ27s4aYEd6FPrX+XFhDHE8CtMGAt6LDuu1k0nHOYB8PuXSON9IDaBr/tKYp1BFYTc5Y9qy1XkVWw939nLXxn60VgW13lhgySsytWbWp46RlqWPHZa9Z8HDeJ44tKsShWnumZtPSym1100se5shpgSeHFNbTbIJcb2KyyvRDCDmEHYqDTQZFpBWdhmA5gwfruTOn1Ksqr4oBthcEDTe8fJXIPhHdlS43A6FWXpW7ULYUOEx5ogoASBcmFRDHYjsqRcNTYQpR5WHrup0peMw1EWMLO29L0vtinoXOb/ds+0K7TTdRxzH6Frv6ulDS7arTvHVEeLVOaOkn1Cw2d1eLsEgXzGzfX5KY46Ldsr8VmJuanJvdb67rcibEmq5sveKTOVvafgnUTuo9tSp+BpedybD1NymzSdTE1HDxZR+1tvr1U00jIAV0mxM2sQCg04CmTVB5H4JfCelNLuuJ4KRaNKl4J4SiNXZeHms/VvitKh+I48AB8fkt6YaBRQSp0zlv+8nykrP+m/8jimxSctsIMFvRcndobRmm50mx0A4LpHG+s4PeP1srVxJV/NaeR+KytebWH4rv7u95WvjP16DqQe53Ehctuk8Y6tHKRPNbxrOUWonvnmFtiueRlaJuGXHqPgovxZgaZLgDffoESBRDXEmR0lYtZaexGS3VY2OIy7JvYYODXSJzRZUHPmgHyQFrnAd52rtEU1TEu7TLmhvsslt2bWwT25yNyAAFvGq3QtjyvtTFHtWUqZAIIc75KWrIhWrMqvax9J8zDXNdbqQpvZo9KmL21Wfjf1zsM06hTaov+zqbtoKu00SX4cgfeXf0PeMdFpnpznvqXZTAA/U/b4BPDe0amQQar3VTOg0Hw9E2mkzinfoDWe13qfhCKi4knM45jxN/eht0EawEQ0MHiJ0kQnfxRzANkRrFkHZnOABmAbBTQ3/AGcyNf2n3qn0tUfhn63WcWsvFsPSnsz/AACsZrTk7zQsz9lv6tFJlp5ldGHNeCwu2E+xRdM1IgMbmIndYnreRcVVa5haDJhdGERp6Li7rZHGmXAkibgdNV1njhfWY+N3klXEjzcHgpGqzdmHPcSDOYnWAlthJK2UxUcZa2+nFY014Y0ni7suvAIrO4Fry4t43HxC6Sudibm3DhcREjqfmrtmwwdAHQe5VBOGLogX1jgue2VG0iBJf6KCjRLNSbpoGm3XYwoGYDrNxYxoUCuqHKBBkCYKaCnvOJMX4oNOHOgYTIibH0+uC1isel20AAi9tLras/2g1sMOUSTrF4WcmsWUw2C4gRueiy2mMTSpgS7oTaekqoU/aFOQG3JsIn5Jo2hVrOM9pVDP4U7n1/0r0z3Wd1cMkUmAfyNyefD3qnRHF9Uy5x5cB0TRs9HD/iDyQjORBPVUEyBKiVSo50QHEDgpGqWtT70bwElSqMp9xm0k3U2a6PTbPPVWrjHoYURnj9qTxL6hVHdI5/FTFrNWniqTA0EyQ0CArOmb2Jx0mWU3Hy+cKdS7XVs0H3quYAAaOZV5Q4VP8V1nVIngPmpyXgHYSO85xsN435Kcq1xjuyYwEtaAYKuN7TKdHbp6LDazWEscc0AbLrPHC+sz/GfJTJrBKowOEG6y2fAsioRMzpPVXaa033PGNNUQuIPcM2JulWJB1oNxCqX1J1AE5mHKTwQRcwzDqc9DAV2mlHvzk7QFhyTLCYy7c1RVrBB2UCjEOLbCCBEhBYYiGg2D3Wukog6qGgyIJEc0HNdDbEkFBuwcMBdMO5nbgFqK0NdSbBe4AC+pJn6la6VmxuMDnDKIjQuF/IfNZvbUmmJ5My4gH9zjJ/wml25tFtQPJl2VsyVUQNINEnRRrwwbTI25SnZ0WrQyvAAiAd50/wBKsNNDDm06galRaoGxUfyHwU+r/l57WzCtqyK1aYGUcSFMaZQj2ZpVc7TYhv4r+AMKTxu+qPBFNnd467XhGuUGm3SJ0Spj614X/qf1HxWvjP1Gq0OgESCVznjpfTBo2AH+io0Mzf61QFvy+KDmG48kHT7h70C1PD6rWPrGfgs09FltZlMFrnFxGXYBdcfHHL1jqHv+imS4FcdFh0Ph35XShra/3j+PtV5JxB9YlpbAv1U2utF7QaEWWozTNIIVQwKDAAQIiVHFWiGkGbGYUDBwaCZ8OwQZ3lv6NJ0n2oKuGaLi2qgQtcTlyzJsqNHZNaQDIPktCgrBsiTGwPuU3pWhzqYAdAmILUtgzNpk1y2IE/CVpv4lVpfhiblzh7JKztvTUWhmHqRuQ32BW+Mz2MFezPNTFrPwjBLmDSw16LTnV3FuclxDREKfF+tTcZTE5WucTpAt6pOlstRz5hVfESDZJ6Xxlpt0Wa3FXCXsn90pj4zn64im2rcgM3g8lZvXbn9Bzm1C8yXSe7lvHFXxq7vjqzTUa1uV1hE2G6m5F41Yuc9xc4AaCApldtYzS+G8D+gC18Y+oH9PI/BZk6dLdVxqMGrhpxU405QO3ZxnorxTkXt2jinE5D29pymyuonKkNd2zR6p0boNqucSCBEFWJVxp6e9c3Vop0i9pOaJsBGsCbrrj445esFTx+QUyXBMmxWY1UfvRZ+hXjKnKx33537QnE5u+/v/AI+h+acTmIxhnvAHmFdJtdldrjZ0HnZF2vmKCDTmFjdRxOARqB1Qc27u6bjiNEDOqNGobKgs1zCATlugnWAY6MwEjgoI5gIaDN5Gyod9XPBAiPT02RVfvDYE056Aj1uk/wDxZo7MdTkuLbng75ha3/43qf1wrUH5bP7pkCQdo2KnTWqfFVmPpAMt3pIII96ZWWdGMsvbNka4Q4Ss701Zt3ZNDg4C61KxlidjWySRrus1uCHATp5qapuJn8l/1uukc8vIgy1yYWfW96VLqZ1gpJS3FKs+kDkLdtgR7lrFjK/I6liGMEBpgn63Us3SWyaUrVyxrSGyTzUkauViQxLnSABIV1Gd1vw/5TzzHwVviY+seLZna1vMKY+NZ+izDuzOAAIBgFWTpm3toOGh0CI3kKYrkIw97gLWmdnNAgFTRsHUPw2jdZ+tfCOw+RpK3GSt09Fyd16VNzhZ0BxII8pXXHxxy9Yqn5nkpkuHpHCG+Szj61l4zYhmV1lqeM30jyGx3QZSF6KHiR3Gq6TYVLPI2lJ4l9XFFpLhe0JVhg3LYF3k4qptXso5LDBm03jQiDxQF9J50AnYhAhZUyFrmSJ1N1FdTAIgn2IDUzQGmHRoUCCmXOAvJ2Cos2nYmYE2F1F09GlSApgneSVqeDy6WGDjfeVnbrZ644bhNyQrtmRpwFJoYS8TJ4dFqTaW8a7FYhlOq1jaYdn0uQs6WZVzHhxsHNjnOya0u7WVtJ73+IwSR0tKt6ZnazMISJIsifRf+R1I9yT61l8QczM3LxKmK5NLMKG03u6wqyzlmes7kPkpeovtF9IBjZAntfgFN9r8O5pJoggajfmrPpl7AwdG9Q8iPVKk9a6NqNT+3yVy8TH1nfd7OoUx8ay9bML3nVbaPI+K1PGL6sxsvKzg1ksKYlbYNkEIIPFwFj/TX+SYwAUitssTNPRcHpaKTKha7K6BvrwXbHxwy9YKvj8lMjH0KpMd4g2tAjyWcdN5b0njG96eiuPjN9ZcQ2MvmrimSY1HVaZPihFRw+tApj41l6rU8Q8t+qrJyg0OvpMc1hkwBMAkj5qKGZ7GBx1Gu0oo1KsObDu7Ewee3TVE0RtODoZ16IunF2YboLUKJLp0IbINtYVkF6VFz6TIkyZKaVoe1zKJabnLFhorfCestBuU3EW9srP10vgOLSW7ASbqX0x8rThGDsQSNZPtW8fGMv2eXijOOHBrfSxT4T1Si4MaZmSNB8UXZ6DnM7xpkt4++6vTPbdTq0qrcodBIiDYq6Z3YV+BBaG5jYynE57TGBhwh2hmIU4rc9qVWzTyaGIv1CaOcZWYZwe8mL6QpcbYszmwrUzkAM90l08VJjprlL4A/MYk8W/tFsE2Kbt7j3qerrQ0/wD056lay8Zw9QI/EZ/Ye9SeLl+z0MKO688XH3rU8YvqlLxFZwazWdZbYMQgzP8AEsf6b/yTG/klbYYm6egXB6VGOqAOymAO8fd8V2x8cMvWOt4vJMjH0jtliet5eK4lkgHok8ZvrLjBlazS87Aq49rkz54O3/FvyWtMbU+0GxWd5e5THxcvRftr4QtMuqGI6INuWBI05LDBxTzCxuFFQfUNmVAQ2NfjzVVB7HDroqbUZEy8kkuBJiZRm5yevQpvp3a0zN+iaa54/wBaKjgZIae53Tp9bK7Ww2HrspUWSCZkiBKtsJjVqlQDMSDAQZX4tpgifQhTYc4qlu4ehTZp1Ss1tPMBIOkIrzsQ5ocXVMtMnYXcfryU2uqzPxYFqTQP5OufTZOzpM1Hk9oXHNxlNLtVmKm1Vs/ybY+Y0PsRncrdRrvAlju0Zw4dRqFZklxaaeMY6zu71uFpixaARM29QiELPTlcIhSyRxHqgmaLSc0acFNNc6LGhjCBPFTi3/036RlsMOp95Uy8bw9Z3Oa17S4xBn2qTxcvWlv2hSbbT0+adp0en9o0W3mfMK4zSZdn/wDqFI7+5aTR34+k4EA6oJnEsJmfYsau9tda0XE12vpkAyVqbZ6Zmn4Li9C1ESKmukWAv9QuuPjhl6w1fEOiZGPpFmN3xzHvLRN+RS9E7UczPAc0GNJWd6b1v0hoM/8AxtV5VnjDPpB5l7ATGspLouO0A0A/qHnK3tz0SowOMgxygq7TS3aQ3eTdRyyulGVsg0uN/gos8U7VpYXuaLG3mjQuoNeM1P0J9yM+s1iLe1VnI9BodVpj+Q9FZWZO3osdGHe4/qcszx6svQe0Z6LALAN8k+xZfVqj5aQd1uuW3lVahFQs70brOhRje5OYiJ3n3rN+11xvkeiBFG+zVr4zfXgvphwJDYhzh1jdA1Gk5xcAPDqiHqU4ygiBvISLk40wbggppgCMoLmkgjcFT66/D0sXP5on+Qs75FXzxnq+rhxImhU32MHzBTkcXA4oGQXHyBTknETWxWuW/HIVeScAOJxE96m3/iR8U5HCF+/VBrTB84TknAn33Y0yJOzkvbeO5VtXeXzXO+Os9M1ku0+rrO2i5BoR9QmwHMF7D6CbNCaLSfCNeHJNmiDDsI8I0GybTUDsmtu0AareN7YznSn+Fh0Wo1HtzZaZcDyK64+OOXrJU18lckx9Id/risOjsK0iq0ydQlqSPTbtYe3luqGa4jT3oIYnwtWasSAZHhC1pkppsQQpOhoAsSJ5wlcU3Wj4oGlsMJvFyOaq/Aq1ps0QJmySINR4LQct5uRuomlKFRrTmi90XxV2JBpdmNNf9qfNLacVxnzusP8ACs9XfR3YlrmEyFvbLBWcQ60xoBKiteHeAwF4DiYBErLp/G/EWpO6QtVmevGYCabMwgk8I3U+tf5XpNPY1XjclGb6nXxIIyFmgBLpTfRZ2ZmNZB7WeVv8Knwj47N0aE26LP8Apr/J8JTaS8Efqj0VZrK6l3nR+5S1qToHUtUa0LKRiQ6FemN00VBpUd/yTo3SCtVmO0qf8imou6pRr1c16jiJ3KzZGptqY4kz0Us6anp5j65FYaA/P3IO4/WyKIdfh/pEDNM+SKV+nqt4euefgt+IWW1KdXJn17zSLHTmuuPjjn6yVTcdFamPpSfr1WHQ1PWeizWo3DEtNrz9FXlGeNEYhukkeXNXcNUtZ7XNEG8/NS2LJUWvbAkjS91pgWvCqJCuJsBOi82q4lqw9pMCTot4b2QhjfZdmqiQJsqguBix8lAXS1ggSoAHEi5VQXPkQJJCSKZjd5MC2io04YtkkibWlTa7Xr12Q2w14cLoWuZimuMERw5ps2z1nB1QEaAz6KR0+QWMczDX3I/+S1WZ6x1nT2hiNBCk+LfqTnyA0DVVG1zfw28ysT2t39Y1YFgLHHi9xW2KysEieZ+K55euuM6K4WJ5FIta8PTb2bbXhdHE7qTL20UHmRB83f8AyKVZ6NMX81mukE5zUaGGJ2WvIxe8jU6zzuoHFV8wYTqrbYY1TplnopqHKiKu+Upxi867tW8VOP8A6vP/AMc9wLbHitY46rOWUsO35LlXWHp1Wsc7M3NIXbHxxz/ZlqajomXiY+lB2WHUvaimJIlNbTehbjGbghOFOcN96pE+KOoKcavKKNrU7RUb6hTVXlEiB+4LbA5JuBboiINbfXVZritJLgZsAZTGLAGDquvkMHaQFvcKiGmTeLmQqjU3D1GtzZYEamxCzlRKraAHZuJSCUxrp7loPSYHRBI9VKNDw0NAtO1klXQ0qTokRCiapajHE6iQkOJQyGmCMx48FV0LuezT7lMXS/GnPlo0uNnAeS1bpmTdYaz3VQQYu6Bbmp9NdIGkWvE8Qm1025Y7O83FuCkvrWU1ppwIIw7TycfatOaFPwBcr674+Ju8LvP3qwvj0qDPw29B7l0cDOZZB4+zTxE+pJUrc9MxYdFcOPx2+fuK1f1c5+y+FozB4FPh9F9DNUKmPhl6Jwy1pnaT6BCmgH4cBgdFysz1v4hkyuPRbjNrRv6Li7rUH025zUAdpAi/NdsPHHP1iqHvDzVy8TH0rTdYdEcRUcBqbmLlbcqzHQHjKoJF28wEHO3CIeno3+wQergSTSE3gke1RXnhjpiw81jlGdtxpk0hkaSJIgCdh8VMbtY1Frezh0jlOpUvXaJNo0H1MzTUJzZttdUmVvgpVmnQiTmI31ur9HmPoOeZ06Le1I3CO5qckXo4dwESRz1U5ChonSZ5wFLkbOxrhbMQpzNmySYLz6BXfTXwzabADmNuKTJIzPbJcMwbItPVbx8by9VrFwDWzIi1+EJUx9ZKBAidyVMvVnh6ms9Ssz1q+HeYI5A+4q4+Jn62Un5cKB/ArbnWVg7o6LlfXonib9D5Kz1nLx6VN4DR3hpxXRyLWqANJBkxpxsg8saMH8R7lL41PTsWHRXCfm+RWsvHOet2GHd81P8AJf2OwS49VrHxM/VMq0yVzLoFe2wCxP2rd8ZcVTAYTutMJD5Lg9K+HoNe52cxsLxcrth445+sVYEOAOokFW+Jj6TYLDolih+G0/yPuWp653xEDuN5yFfqfCu1Z0HvQF+p81Uos8Pmg9X7OP4bv7lQvrALlYR6NGsWgDOY4SsappRuIaARIM6clrs0UVmtLnBwBO4At5QpJYuhdiWvs583mYTVTQCDoZCzemaJgahJNrIn95ZwK1xXUE4hicTUcyuHGALpwXpxxY4CdNAtaHNq5u7EzskgNSjHiHyTX8dJl/UXU8skaQnZ17EKbe60KZepj4Zwupi1Rqau/qfaP8rc8Zy/Zqzt+6Djkj2wtRmpO0XF6En+H0WsfWMvGigLcluucM9ptyU2MVSz44Ae4K3xcfTNXN0WwYmoY/aVvLxiet9BpDYIhT/J/o1LxHqtY+M5errTJSLoEcFiftW74zY38krbDOz5Lz16YPZ5hUdPhAPqV1w8cc/WWp4m+a1fEx9GW5WjMC6bjgufe3TpHE/lD+/wW5653xAn8Jp/kfcFfqfD9kHU2vLotHtU2uuk36nzWolFvhKI9PAnuOjd3wChWZzQ10Ndmte0LFRwKo10cMY7zTJ0vss3KKz1AA8gAATFjK0hmYao8S1pI6qXKQaqLS1gB1XPK9pU8STEcVrEJRw+dmaQBxvKmX5JjdNaRaCdB6LptG2jh2imHEnMRcW9FyuWW9aXTP8AdHk/pC6bRehTDCC8tzcZV2ne2o4tp4eqbb2g+pTI0F/am02m00XECI2QlDEYfJERcjqmtGNy5d+EILTMAgi8hSV1yx32Nau11PJlymwA2WmNFOh6Lk7pO0jmt4+ueXjQKrAPENdgtaYB2Kp/ucmlZXODnEiYjdSrio1YdAaXtMtdutcmLj/F2Y57fE1Xqp/9o00cZTJm4WpNM27a2VGuuCCqgk3RClYn7Vu+M2O/KK2wyb+i870q0m1HVD2ZggSbwuuHjj+T9mOoZc0ncrV8Zx9EusBwXPTsjiPyT/8As+C39cr4ifyP/f8A+Kv1Pg1P/TMP8vmpP2W/q6qO8VYl9KB3SqjT5n1KztvUaqlGnmzOeZjZY7Zyy5XYCnQ2k+avbK4xIDYGg5Ln/wApbtraIdSnwiRuumqg/eWsENG+gWbhL3TZRi/4gALXEN95IMFvMpxR6bMOzLYEA3IUv45butJYsNp0+40Ak2W6lecapB1B/wBLOkTDnONz1V0EZrB0/wAqi2hvb27f6QTZUg3OiIdhGZp2nioPTexrgBIzbEBVuSs1WmW+JsDiLhTUrUySLZuIInULNljpLKV2h5/JZUhE26rUSk7MWt9SrtNR2UWsnZ0Bi9wmqnKHHsUsallMFFECw+tlFDIDqE2mpXGm5sQSCQDdambNwh2YmqzmFrlGeFWZ9o/uEexNSpuz0cViGvpEDVWSpbEP8Li7qUn1Wud2YnQm06FdcPHHP1lrGXgxEkmFq+Mz0uyw6lr/AJDv7rX1z+M//Q//AKf+Kv1Ph3j/AO1byPzUn7L/AJdU8ZVniX0pHcPRVGgaBYdILtdudlXIMsfqkxNigDRPLqUBBnUXaLfFASJFtRGyIDYAM6+iKLeo5IPdGIYALptrTFj8XTLQLzsUSx5hdJLoCIY1gIs0ACOfVAs/yQA1Z/USZsqFdmcRFlNi+GY5rgXZiAsXKG3sU8pAIExxWpqtqyD/AJVGerhWky2WHiFUY67HtgEA8ws3S8qllceATo3Xdkd3einIDsQdnFN1DjCk/o9VO1K7CuYZEhXdiOGYeJs8wm5WplYZrgdD6qcW5nDAX81mtwznkho6KKmd+iqOgGfrZQT7IWi2ui1yrNxioGvkstHZWDC4GcromDBsZC64eOWfrPVOZ8ibmb6rVYnoASIWHQHsLqTwBJzBX6z8qbMOezLXEDvTx2WvrPxVrQ1mUGeoU13td9aRexoMkmVU9AN7juiqKtFh0WK6Qri5xkzPFVycXGTcTyQTa654C+qoLnQAbnmoOuYn5oOzd60oK0jDgXCRqQpaPRGIo/s9inOG2fEVWVLCmOqlyTbMcMTeLHYq8zbhgyOAU5w2o3CcTrtss38htUYVu4U51NnFIDQLNyocMlPQzczbtJTueG9LsxAmHiOYXSfk+VuZNIAI4hdGkauFDjrHklgUYRvMqaB7JjdgE6E3V6Tf1j3pyibhqRD5LTKsu12fLyVCGg07LOhN+FB1E81YM7sO5t2O8ihvSeYt8bYhS4xqZ0RBFr2WLjY3MpXAa9fgo0EWHQoONieigtQqNa94cQMzYE9ehXXDxx/J6zVPGYjU6aLTM9LCw6ADEjmtSsWOumziBam10V4sooNiDJgEQtubu1pi2RzueYhRexwmGdVJJsAddRPTdc8/yTCdpptZgKLdQ53Urh/8i/w0TEYGmQSwkRqDf0W8fzb9ieIjCN49CunNNmGDFpJPMlTnU2qMOwEEC6nKm124Vti6x4RK5Zflka4ndhmtEghw6RC1MpfE1omRu1ldo4hZ2OlNjiRwTY6U2CooEQqgcb2QGBZAwqPYZYfLZals8Xehdiqp4DoFedXlUXuqPN3lTdrO6maEmVAewHNXai1mXS3QpsWbXc0XkgcVqZ2LtanWDhtPDQrczlalWBC2rnMB1EKCT6B2uhpmqYQHTulESNKo3+SXtZbCZhobdVnj/G5n/ReNTyCzrTe5TU2NfUh5i1uq3h45Z+oEQ4iZgrTM9OWw1ruM+xYdCQqO+vYiOKBHiyKUAEXSFKqy9Ed0UwNJ+K8mXe9ue1yYErhJtpFphrpNyYXe/tIx8KIC6MnOiDqYlwXPO6xWeqUjJcVxz6kjeI1H2LVr8c62lqK6suHVAUooKLyJDbHyUt16uqQtg3sU0jhAWp0HY3M7WANVMstLJtYUmRq7rZcv+v8AWuKNRmRxB8iF12zeiqo7qigYTaO6JtXSOKbA6IAAgEREIK08RlEFshbmdiytFKu1+h8j810mcrUq0+RWlAgHUIJuo8EEalIGzmqDK/Dlt2kymxI5p7zDPEBWVLsCwg/MhUkO6MjRmEiVlsiKB0QBoLrASURYYJzvGQBw1V0zaZuAH7jHCE0vJobQY0QGjzVZ2q3CXBJgAR15rycfYzpcU2j9IPW6swkUwgaBb0DrqoM+JosDC+A0jgozYzsacrnbRErnn3ZCeHothk+a557yy1Gp1EM07+i7Sa6YAoBYIKUozNnSQhF3P7pdyXm9uq6b6TqklrDvF11w6tjNTzc102ydtmOPEwueXeUWeNDDFMHgFxs3lpueM9R5cROwhemTpi0o1VR26g5XSjCGgyHmpqmnEHp1WuORqgXRq5vqFrjkvGlNVu7grwq8aHbU+vkrwOIduzg6fJXgvAwx5AgCRzK1OmtC37QedgFoOKmJdtHCwHvUOhNHEO1fHn8kNu+5PPiqn2obTfhC3iVDaTqQhsTJlFhW0iTDWmRqOGqptduDcfEQOQurpnkq3DMbtPVXSbVhAEHQiORVDiqcXd7NV5eUQxxVH94HWVrlAhxdL94PSSpsK/GAeESeam6m0qeIBqfiiYFuAU+ku/V6mKeR3BlabSdfTZalKzPv4yXdTK1USFhZYQwaTsfRJKG7N37T6K8b/DVEMI1+CcMl1TPe3LGZvqFzx/DlMt1uy6MyphwBmdmPxXWfipxOcZQbYN/7VrgcU34+kbdnPkE/5xeKb8a1wgMIHVZn4MZdrpH70P2erl04xOEc3FubdoaJtxThivGQpxTuDR5Jxn8OML94f+72BXpdR2eod3xylNw6cWvPHzKnKJyjvu7o29Vn/pDlDfdzuQp/0icx7Abkqf8ARObhSbO5U/6Ws86cUAdG/FXeVXdogAbQVN1NpVZtuuv4yNFHEPZ3XjM3nsszPRK1sqtcO67/ANrvmukyla2cvAMOlp5/NVRIQTNEOdO4TSoUYFevJFstz0SJY0FqrJSEAhAIQGEAhBhL6XF58lxn4pF4A59E7P8AYtcIcAFSkNGO/wCScMThDfeGj/p/9xV4w4wPvIGlNvtKan8a4x33t2zWDyTU/hqFOLqbEDyCpqO+8VI8ZQTNd5/W71KKUvJ3JQdwQHs3/sdHQrPKf0cxrge8IMrcss6Z+r08O+oSWlsDiYWMs5LpZVvuDt6jB7Vj/pDkR+HYDlDy5xE2bAU53+Jcytw7SdSVMvyWROdp6lBjXRGnErGH5MrO0uVANbs0ei1cqzumuFNg5kBBG6DiSNAmhwcFACJUClsIji5aAF1oTq+ICbQumHjc8VdC5sFI4T6IK08Q9v8AJvArUyqy1U4pjRYlp/bqP8LrK6TaL8Q95zMYeqi9JUwXVXmp3jaeabK9FuIYdbdVdoplB0Wk0BYgBVQsKAQqP//Z"
Zostel Srinagar,"Shivpora, Srinagar",Jammu & Kashmir,+91 74288 03158,srinagar@zostel.com,Backpacker Hostel,15ľ20,Cheap,"Solo, Friends","Common Lounge, Activities, Free WiFi",Available,8.7 Excellent,1200,Dal Lake ľ 3 km,1,https://pix8.agoda.net/hotelImages/595/5950737/5950737_18111821040069779025.jpg?ca=7&ce=1&s=1024x
,,,,,,,,,,,,,,,
,,,,,,,,,,,,,,,
,,,,,,,,,,,,,,,
The Himalayan Resort & Spa,"Hadimba Road, Manali",Himachal Pradesh,+91 1902-254403,info@thehimalayan.com,4-Star Luxury Boutique Resort,24,Luxury,"Couple, Family","Heated Pool, Mountain View, Spa, Stone Cottages",Limited Rooms,9.0 Excellent,"14,500",Hadimba Temple ľ 700m,4,https://r1imghtlak.mmtcdn.com/54b58520254a11e9ad410242ac110003.jpg
,,,,,,,,,,,,,,,
Snow Valley Resorts Manali,"Log Hut Area, Manali",Himachal Pradesh,+91 1902-254297,reservations@snowvalleyresorts.com,4-Star Resort,52,Moderate,"Family, Friends","Mountain View, Free WiFi, Restaurant",Available,8.3 Very Good,"7,500",Log Hut Area ľ Central,4,https://lh3.googleusercontent.com/p/AF1QipMBG_BuHAIOXm_jhwfraNMkTvQYbfVlNiPbkh6Z=w324-h312-n-k-no
Apple Country Resort,"Log Hut Area, Manali",Himachal Pradesh,+91 1902-253039,info@applecountryresort.com,4-Star Resort,39,Moderate,"Couple, Family","Spa, Mountain View, Free WiFi",Available,8.6 Very Good,"8,200",Hadimba ľ 1 km,4,https://pix8.agoda.net/hotelImages/263735/-1/feda62b803613ce2d144f984d23e8e57.jpg?ca=9&ce=1&s=1024x
,,,,,,,,,,,,,,,
,,,,,,,,,,,,,,,
Hotel Greenfields,"Near Hadimba Temple, Manali",Himachal Pradesh,+91 98050 55443,hotelgreenfieldsmanali@gmail.com,Budget Hotel,24,Cheap,"Solo, Friends, Family","Free Parking, Mountain View, Free WiFi",Available,7.6 Good,"2,400",Hadimba ľ 300m,2,"https://r1imghtlak.mmtcdn.com/ce072982-5a4f-4ff2-9ee5-f51c13957db7.JPG?&output-quality=75&downsize=520:350&crop=520:350;2,0&output-format=jpg&downsize=480:336&crop=480:336"
Zostel Manali,Old Manali,Himachal Pradesh,+91 74288 03158,manali@zostel.com,Backpacker Hostel,15ľ20,Cheap,"Solo, Friends","Common Lounge, Activities, Free WiFi",Available,8.9 Excellent,850,Old Manali ľ Central,1,https://r2imghtlak.mmtcdn.com/r2-mmt-htl-image/htl-imgs/202205051946358684-1965c8aecc7c11ecb1050a58a9feac02.jpg
Hotel Mountain Top,Near Hadimba Road,Himachal Pradesh,+91 1902-252314,hotellmountaintopmanali@gmail.com,Budget / Mid-Range,30,Cheap / Moderate,"Family, Friends","Free WiFi, Great Views, Balcony Rooms",Available,7.8 Good,"3,500",Hadimba ľ 400m,3,https://gos3.ibcdn.com/718ea7b0985911eb822f0242ac110004.jpg
,,,,,,,,,,,,,,,
,,,,,,,,,,,,,,,
,,,,,,,,,,,,,,,
,,,,,,,,,,,,,,,
,,,,,,,,,,,,,,,
,,,,,,,,,,,,,,,
Parakkat Nature Resort & Spa,"2nd Mile, Pallivasal, Munnar",Munnar,+91 85920 09500,info@parakkatresorts.com,5-Star Luxury Nature Resort,80+,Luxury,"Couple, Family","Infinity Pool, Tea Plantation View, Spa, Luxury Rooms",Limited Rooms,9.3 Excellent,"12,500",Munnar Town ľ 6 km,5,"http://assets.simplotel.com/simplotel/image/upload/w_5000,h_3750/x_0,y_608,w_5000,h_2532,r_0,c_crop/q_80,w_1600,dpr_1,f_auto,fl_progressive,c_limit/parakkat-nature-hotel-and-resorts-munnar/PARAKKAT_RESORT_PIC_03_lqc13c"
,,,,,,,,,,,,,,,
Tea County Munnar (KTDC),"Ikka Nagar, Munnar Town",Munnar,+91 4865-231204,teacounty@ktdc.com,4-Star Govt. Resort,67,Moderate,"Family, Friends","Garden View, Restaurant, Bar",Available,8.4 Very Good,"6,500",Munnar Town ľ Central,4,https://www.ktdc.com/images/premium/tea-county-inner-banner.jpg
,,,,,,,,,,,,,,,
Lake Palace Resort,"Thirumala Ward, Alleppey",Kerala,+91 477-2239701,lakesales@lakepalaceresort.com,Luxury Backwater Resort,58,Luxury,"Couple, Family","Lakeside Cottages, Pool, Ayurveda Spa",Available,8.8 Excellent,"14,000",Vembanad Lake ľ 100m,5,"https://r1imghtlak.mmtcdn.com/cc69c01cb76811eeb0d40a58a9feac02.jpg?&output-quality=75&downsize=520:350&crop=520:350;2,0&output-format=jpg&downsize=480:336&crop=480:336"
Ramada by Wyndham Alleppey,Nehru Trophy Finishing Point,Kerala,+91 477-2239700,reservations@ramadaalleppey.com,4-Star Backwater Hotel,120,Moderate,"Couple, Family","Backwater View, Rooftop Pool, Spa",Available,8.2 Very Good,"7,300",Houseboat Jetty ľ 200m,4,https://lh3.googleusercontent.com/p/AF1QipM8TMLpyvf5LCP3YemWIoUtsKwMoOIXiwJJz2E9=w324-h312-n-k-no
,,,,,,,,,,,,,,,
,,,,,,,,,,,,,,,
,,,,,,,,,,,,,,,
,,,,,,,,,,,,,,,
,,,,,,,,,,,,,,,
The Dunes Continental,"MG Road, Kochi",Kerala,+91 484-2378500,tdcontinental@gmail.com,Budget / 3-Star,40ľ50,Cheap,"Solo, Friends","Free WiFi, Restaurant, City Access",Available,7.5 Good,"1,800",MG Road Metro ľ 300m,3,"https://www.google.com/search?q=The+Dunes+Continental&sca_esv=85d6b1dba9314c34&biw=1366&bih=633&sxsrf=AE3TifPPBGmgN1ypW2Z9W9rUVIP8nWNQ9Q%3A1763264774391&ei=BkkZaYfPF6qI4-EPyqynkAk&hotel_occupancy=&ved=0ahUKEwiH6paU4fWQAxUqxDgGHUrWCZIQ4dUDCBE&uact=5&oq=The+Dunes+Continental&gs_lp=Egxnd3Mtd2l6LXNlcnAiFVRoZSBEdW5lcyBDb250aW5lbnRhbDILEAAYgAQYigUYkQIyCxAAGIAEGIoFGJECMgUQABiABDIFEAAYgAQyBhAAGBYYHjIGEAAYFhgeMgYQABgWGB4yBhAAGBYYHjIGEAAYFhgeMgUQABjvBUjOBVC6A1i6A3ABeACQAQCYAccBoAHHAaoBAzAuMbgBA8gBAPgBAfgBApgCAqAC3QGoAhLCAgcQIxjqAhgnwgINECMY8AUYyQIY6gIYJ8ICDRAjGMkCGPAFGOoCGCfCAiIQLhiABBiKBRhDGMcBGK8BGJgFGJkFGMgDGOoCGLQC2AEBwgIiEC4YgAQYigUYQxjHARivARiYBRiaBRjIAxjqAhi0AtgBAcICJRAuGIAEGIoFGEMYxwEYrwEYmAUYngUYmgUYyAMY6gIYtALYAQHCAiUQLhhDGK8BGMcBGIAEGIoFGJgFGJkFGJ4FGMgDGOoCGLQC2AEBmAMRugYGCAEQARgIkgcFMS4wLjGgB9QFsgcDMi0xuAfMAcIHBTItMS4xyAcT&sclient=gws-wiz-serp#lpg=cid:CgIgAQ%3D%3D,ik:CAoSFkNJSE0wb2dLRUlDQWdJQ1dpOFNHS0E%3D"
,,,,,,,,,,,,,,,
Green Ridge Holiday Home,Central Munnar,Kerala,+91 4865-230301,greenridge@hmassociates.in,Budget Hotel,40,Cheap,"Solo, Friends","Free WiFi, Travel Desk, Clean Rooms",Available,7.8 Good,"2,200",Munnar Market ľ 400m,2,https://r1imghtlak.mmtcdn.com/e119ee5a9a2711e4aaad36cfdd80c293.jfif
,,,,,,,,,,,,,,,
,,,,,,,,,,,,,,,
,,,,,,,,,,,,,,,
Hotel Kalyan,"Hathroi Fort, Ajmer Road",Rajasthan,+91 141 236 8355,info@hotelkalyan.com,Budget Hotel,"Standard, Deluxe",Cheap,"Just Me, Friends","Rooftop Restaurant, WiFi",Available,8.0 Good,"1,200",Jaipur Station ľ 1 km,3,"https://r2imghtlak.mmtcdn.com/r2-mmt-htl-image/htl-imgs/201407291201293094-2053d4da477811ee9dad0a58a9feac02.jpg?&output-quality=75&crop=520:350;2,0&output-format=jpg&downsize=540:*"
Zostel Jaipur,"MI Road, Jaipur",Rajasthan,+91 89689 72527,jaipur@zostel.com,Backpacker Hostel,Dorms/Private,Cheap,"Solo, Friends","Common Areas, Activities",Available,8.8 Excellent,800,City Center ľ 1 km,3,"https://r1imghtlak.mmtcdn.com/3e654eb4b69f11e897eb0a108a398d20.jpg?&output-quality=75&downsize=520:350&crop=520:350;1,0&output-format=jpg&downsize=480:336&crop=480:336"
Umaid Bhawan Heritage,Bani Park,Rajasthan,+91 141 220 6422,info@hotelumaidbhawan.com,Heritage Hotel,Deluxe/Royal,Moderate,"Couple, Family","Heritage DÚcor, Pool",Limited,9.0 Excellent,"3,500",Bani Park ľ Central,4,https://cf.bstatic.com/xdata/images/hotel/max1024x768/59065405.jpg?k=2f394a0bb2c0a7574e2ca196c7be635f23009a8a1906d5440c2a95f6645c2cdf&o=
The Fern Residency,Bani Park,Rajasthan,+91 141 514 9000,reservations@fernhotels.com,Business Hotel,Suites,Moderate,"Couple, Family","Gym, Restaurant",Available,8.6 Very Good,"4,200",City Center ľ 2 km,4,https://cf.bstatic.com/xdata/images/hotel/max1024x768/689422779.jpg?k=d4cd61b2707497563cc64e9b036315a023cadf68c6d7131160233471bca9dd93&o=
Clarks Amer,JLN Marg,Rajasthan,+91 141 255 0616,info@clarksamer.com,Luxury Business Hotel,Deluxe/Suites,Luxury,All,"Pool, Restaurants",Limited,8.7 Excellent,"7,500",Airport ľ 3 km,5,https://cf.bstatic.com/xdata/images/hotel/max1024x768/200308434.jpg?k=2bf508fc38af568a8512428ebee167f889ae3d8bf3d3744f5b0b604578121563&o=
The Lalit Jaipur,Near Airport,Rajasthan,+91 141 519 7777,jaipur@thelalit.com,Luxury Hotel,Premier/Suites,Luxury,"Couple, Family","Spa, Pool",Available,9.2 Excellent,"9,200",Airport ľ 2 km,5,"https://r1imghtlak.mmtcdn.com/k09fvn83al2cheeh2hcvvfhr005t.jpg?&output-quality=75&downsize=520:350&crop=520:350;2,0&output-format=jpg&downsize=480:336&crop=480:336"
,,,,,,,,,,,,,,,
,,,,,,,,,,,,,,,
,,,,,,,,,,,,,,,
,,,,,,,,,,,,,,,
,,,,,,,,,,,,,,,
,,,,,,,,,,,,,,,
,,,,,,,,,,,,,,,
Zostel Delhi,Paharganj,Delhi,+91 89291 29368,delhi@zostel.com,Hostel,Dorm/Private,Cheap,"Solo, Friends","Lounge, WiFi",Available,8.4 Very Good,700,NDLS ľ 500m,3,https://lh3.googleusercontent.com/p/AF1QipMEdCaTAycstaw5b6epaB8bIYZPPVO9sdx5EVCM=w324-h312-n-k-no
Hotel Ajanta,Paharganj,Delhi,+91 11 2956 5100,info@hotelajanta.com,Budget Hotel,Std/Deluxe,Cheap,"Solo, Friends",Airport Pickup,Available,8.0 Good,"1,200",NDLS ľ 600m,3,"https://r2imghtlak.mmtcdn.com/r2-mmt-htl-image/htl-imgs/201409181339486147-ff821f3e717d11e98c720242ac110002.jpg?&output-quality=75&downsize=520:350&crop=520:350;2,0&output-format=jpg&downsize=480:336&crop=480:336"
Bloomrooms @ NDLS,Paharganj,Delhi,+91 11 4123 8200,bookings@staybloom.com,Boutique Budget,Std/Deluxe,Moderate,Couples,"Clean Rooms, WiFi",Available,9.0 Excellent,"2,800",NDLS ľ 400m,4,https://cf.bstatic.com/xdata/images/hotel/max500/249117655.jpg?k=4b1bde4cd8ce9eb2c54ea41f93bfb85b11e43fd48538c30d3d5724a890641ee8&o=
Country Inn & Suites,Karkardooma,Delhi,+91 11 4250 4250,info@radissonhotels.com,Business,Superior/Studio,Moderate,"Couple, Family","Gym, Pool",Available,8.5 Very Good,"5,000",Anand Vihar ľ 2 km,4,"https://r2imghtlak.mmtcdn.com/r2-mmt-htl-image/htl-imgs/201303091742426753-1abb912e-c1ec-49db-bf7f-30a858c30470.jpg?&output-quality=75&downsize=520:350&crop=520:350;0,34&output-format=jpg&downsize=480:336&crop=480:336"
,,,,,,,,,,,,,,,
The Leela Palace,Chanakyapuri,Delhi,+91 11 3933 1234,reservations@theleela.com,Ultra-Luxury,Suites,Luxury,"Couple, Family","Fine Dining, Spa",Limited,9.6 Superb,"18,000",CP ľ 5 km,5,https://www.theleela.com/prod/content/assets/styles/tl_560_535_webp/public/2025-06/the-leela-palace-bengaluru.jpg?VersionId=fTBSA6Cr4DcqGPtEiix5O5OVch1kqZuf&itok=zOFx6-g5
Taj Palace,Chanakyapuri,Delhi,+91 11 2611 0202,tajpalace.newdelhi@tajhotels.com,Luxury,Luxury Rooms,Luxury,"Couple, Family","Pool, Spa",Limited,9.4 Excellent,"15,500",Airport ľ 8 km,5,https://cf.bstatic.com/xdata/images/hotel/max1024x768/103705059.jpg?k=9e078265b31ad1815a573da8ed2a665f863e3925e1efd730df703421868a2ada&o=
,,,,,,,,,,,,,,,
,,,,,,,,,,,,,,,
,,,,,,,,,,,,,,,
,,,,,,,,,,,,,,,
,,,,,,,,,,,,,,,
,,,,,,,,,,,,,,,
The Oberoi Amarvilas,Taj East Gate,Agra,+91 562 223 1515,amarvilas@oberoihotels.com,Ultra-Luxury,102,Luxury,Couples,"Taj View, Spa",Limited,9.7 Superb,"28,000",Taj ľ 600m,5,https://cf.bstatic.com/xdata/images/hotel/max1024x768/47406117.jpg?k=2c0d45158285df03e79c683ea4a2d04328b4270b0ba1a80175e28f0710f627a2&o=
Taj Hotel & Convention,Fatehabad Road,Agra,+91 562 233 5555,tajagra@tajhotels.com,5-Star,239,Luxury,Family,"Pool, Restaurants",Available,8.8 Excellent,"9,000",Taj ľ 1.5 km,5,https://cf.bstatic.com/xdata/images/hotel/max1024x768/638659625.jpg?k=1fb853de11c752a071840e32f5479e1df2864223e1892d9070cb52e9cc17c8f3&o=
,,,,,,,,,,,,,,,
Crystal Sarovar,Fatehabad Road,Agra,+91 562 233 5555,reservations@sarovarhotels.com,4-Star,112,Moderate,Couples,Rooftop Pool,Available,8.4 Very Good,"5,500",Taj ľ 1.2 km,4,https://cf.bstatic.com/xdata/images/hotel/max1024x768/759024626.jpg?k=7024aa15dd7163869d532206dccecf5b83d8fbbeea6649def31438cbe182a818&o=
Radisson Hotel Agra,Taj East Gate,Agra,+91 562 405 5555,info@radisson.com,4-Star,165,Moderate,Family,Rooftop Taj View,Available,8.5 Very Good,"6,500",Taj ľ 1 km,4,"https://r1imghtlak.mmtcdn.com/107f131a91b711e9b49f0242ac110003.jpg?&output-quality=75&downsize=520:350&crop=520:350;0,16&output-format=jpg&downsize=480:336&crop=480:336"
,,,,,,,,,,,,,,,
Zostel Agra,Taj East Gate,Agra,+91 74288 03158,agra@zostel.com,Hostel,Dorm/Private,Cheap,Solo,"Rooftop, WiFi",Available,8.6 Excellent,600,Taj ľ 1 km,3,https://cf.bstatic.com/xdata/images/hotel/max500/724168637.jpg?k=ca3fc3bac39cb15c6d8d3ac70ea9e7d26133219e69dc4b526629f5459be8923c&o=
Hotel Taj Resorts,Taj East Gate,Agra,+91 562 223 2400,info@tajresorts.com,Budget,34,Cheap,Family,Rooftop Pool,Available,8.3 Very Good,"2,000",Taj ľ 900m,3,https://cf.bstatic.com/xdata/images/hotel/max1024x768/91933535.jpg?k=327fa04f5f67ac912192fbf72e7d082729f560d54967c4b0fe0a3d4106b6b145&o=
,,,,,,,,,,,,,,,
,,,,,,,,,,,,,,,
,,,,,,,,,,,,,,,
,,,,,,,,,,,,,,,
,,,,,,,,,,,,,,,
,,,,,,,,,,,,,,,
Taj Savoy Hotel,Ooty,Ooty,+91 423 222 5500,savoy.ooty@tajhotels.com,Luxury,40,Luxury,"Couples, Family","Heritage, Gardens",Limited,9.1 Excellent,"12,500",Botanical Garden ľ 2 km,5,https://lh3.googleusercontent.com/proxy/ZAdzIwHJui7fB7V4a82xnuVRCNKkQqyWuwqGPQD1fPiG6ZuqyvwPeYPIq2MPg02u3rM4ZpuO0IyvRovP4AxvbQ_F3xF_HirKf2o9MWTv7KZkF7B4SFOPnoq218HiYj9k21LkB_uZPz-kBPUi5iu-qHOJ_C5EpQ=s680-w680-h510-rw
Sterling Ooty Elk Hill,Elk Hill,Ooty,+91 423 244 1073,elkhill@sterlingholidays.com,Resort,145,Moderate,Family,"Hill View, Spa",Available,8.5 Very Good,"6,000",Ooty Bus Stand ľ 2 km,4,https://cf.bstatic.com/xdata/images/hotel/max1024x768/385421715.jpg?k=0485143fd3bef94652fc20410d372529802b6d75fa148a2b205aa1acc7e072e6&o=
Sterling Fern Hill,Fern Hill,Ooty,+91 423 244 1074,fernhill@sterlingholidays.com,Resort,175,Moderate,All,"Pool, Views",Available,8.4 Very Good,"6,500",Ooty Lake ľ 3 km,4,https://cf.bstatic.com/xdata/images/hotel/max1024x768/390576440.jpg?k=8913a85186f26e7f48f09d3ade0e5c0b5541e153969b3933da141dfd96017ddb&o=
,,,,,,,,,,,,,,,
,,,,,,,,,,,,,,,
Fortune Sullivan Court,Selbourne Road,Ooty,+91 423 244 1077,sullivancourt@fortunehotels.in,4-Star,67,Moderate,Family,"Gym, Restaurant",Available,8.3 Very Good,"5,000",Railway ľ 2 km,4,https://lh3.googleusercontent.com/p/AF1QipOw5mziUha77JpqYPcnnTYAY0zUxhIhQSmS1qqT=s680-w680-h510-rw
Zostel Ooty,Tiger Hill,Ooty,+91 74288 03159,ooty@zostel.com,Hostel,Dorm/Private,Cheap,"Solo, Friends","Mountain View, WiFi",Available,8.8 Excellent,700,Bus Stand ľ 3 km,3,https://lh3.googleusercontent.com/p/AF1QipNFOGMUjlBwmjqgpDiRg0XQLeVVsSlqCQtpoS2v=s680-w680-h510-rw
Hotel Lakeview,West Lake,Ooty,+91 423 244 1078,lakeview@hotel.com,Budget,120,Cheap,Family,Cottage Style,Available,7.8 Good,"2,500",Lake ľ 1 km,3,"https://r1imghtlak.mmtcdn.com/31fd4f6ed45811e49cc30022195573b9.jfif?&output-quality=75&downsize=520:350&crop=520:350;0,20&output-format=jpg&downsize=480:336&crop=480:336"
,,,,,,,,,,,,,,,
,,,,,,,,,,,,,,,
,,,,,,,,,,,,,,,
Mayfair Darjeeling,The Mall Road,Darjeeling,+91 354 225 6376,darjeeling@mayfairhotels.com,Luxury,44,Luxury,"Couple, Family","Spa, Heritage Stay, Mountain View",Limited,9.2 Excellent,"14,000",Mall Road ľ 200m,5,https://cf.bstatic.com/xdata/images/hotel/max1024x768/209359469.jpg?k=7510305a374f54c1c9fd1ed33b8ae00f465b833179c74ad483dfa649ea8a9154&o=
,,,,,,,,,,,,,,,
,,,,,,,,,,,,,,,
Sterling Darjeeling,Ghoom Monastery,Darjeeling,+91 354 661 0000,darjeeling@sterlingholidays.com,Resort,101,Moderate,"Family, Friends","Kids Area, Mountain View",Available,8.4 Very Good,"7,200",Batasia Loop ľ 1 km,4,https://cf.bstatic.com/xdata/images/hotel/max1024x768/628048686.jpg?k=30a1ef8e53b30043c405a74f83f010f7f10dccfecc39688da739d2a425a0f928&o=
Central Heritage Resort,Robertson Road,Darjeeling,+91 354 225 4200,heritage@centralhotels.in,Resort,46,Moderate,"Couple, Family","Heritage Interiors, Restaurant",Limited,8.0 Good,"5,500",Chowrasta ľ 800m,3,"https://r1imghtlak.mmtcdn.com/e14a98da63c411eb89620242ac110005.jpg?&output-quality=75&downsize=520:350&crop=520:350;35,0&output-format=jpg&downsize=480:336&crop=480:336"
Ramada Darjeeling,Gandhi Road,Darjeeling,+91 354 226 6622,info@ramadadarjeeling.com,4-Star,62,Moderate,"Family, Business","Gym, Restaurant, Modern Rooms",Available,8.6 Excellent,"8,500",Chowk Bazaar ľ 500m,4,"https://r1imghtlak.mmtcdn.com/35ab6a1e5e9d11e98d780242ac110002.jpg?&output-quality=75&downsize=520:350&crop=520:350;2,0&output-format=jpg&downsize=480:336&crop=480:336"
Zostel Darjeeling,Chowrasta,Darjeeling,+91 74288 03159,darjeeling@zostel.com,Hostel,Dorm/Private,Cheap,"Solo, Friends","Mountain View, WiFi",Available,8.7 Excellent,650,Mall Road ľ 300m,3,https://content.jdmagicbox.com/comp/kinnaur/f1/9999p1786.1786.200109204204.x6f1/catalogue/zostelx-raksham-reckong-peo-kinnaur-hotels-giw650p1t7.jpg
Hotel Seven Seventeen,H.D. Lama Road,Darjeeling,+91 354 225 7489,sevenseventeen@gmail.com,Budget,44,Cheap,"Family, Solo","Tibetan DÚcor, Restaurant",Available,7.8 Good,"2,400",Chowrasta ľ 600m,3,https://seoimgak.mmtcdn.com/blog/sites/default/files/hero01.jpg?Q2bL15RtWfz9Ex40sk9tO4RkKP0GIKku
,,,,,,,,,,,,,,,
,,,,,,,,,,,,,,,
,,,,,,,,,,,,,,,
,,,,,,,,,,,,,,,
,,,,,,,,,,,,,,,
Sparsa Resort Kanyakumari,Beach Road,Kanyakumari,+91 4652 247 400,reservations@sparsahotels.com,Luxury,48,Luxury,"Couple, Family","Sea View, Pool, Gym",Limited,9.0 Excellent,"9,800",Sunset Point ľ 300m,5,https://sparsaresorts.com/wp-content/uploads/2023/08/37_JVP1131-scaled.jpg
The Seashore Hotel,East Car Street,Kanyakumari,+91 4652 246 999,info@theseashorehotel.com,Luxury,68,Luxury,"Couple, Family","Rooftop View, Restaurant",Available,8.9 Excellent,"8,500",Vivekananda Rock ľ 500m,5,https://dynamic-media-cdn.tripadvisor.com/media/photo-o/15/1c/23/d9/suites-balcony-view.jpg?w=500&h=-1&s=1
Hotel Sea View,East Car Street,Kanyakumari,+91 4652 246 400,seaviewhotelkk@gmail.com,4-Star,70,Moderate,Family,"Sea Facing Rooms, Dining",Available,8.4 Very Good,"6,200",Beach ľ 200m,4,https://cf.bstatic.com/xdata/images/hotel/max1024x768/128626839.jpg?k=5c873440d43acf0dfc3cec2f01cba56287289f987b52c1bab9e74ccd75783b1b&o=
Hotel Sangam,Main Road,Kanyakumari,+91 4652 246 780,hotelsangamkk@gmail.com,3-Star,34,Moderate,"Family, Friends","Restaurant, City Access",Available,8.0 Good,"3,200",Kanyakumari Temple ľ 300m,3,"https://assets.simplotel.com/simplotel/image/upload/x_129,y_0,w_969,h_727,r_0,c_crop,q_80,fl_progressive/w_750,f_auto,c_fit/sangam-hotels/Tanjore_Elevation_nzonhj"
Vivekananda Memorial Lodge,Temple Road,Kanyakumari,+91 4652 246 311,vivekalodge@gmail.com,Budget,40,Cheap,"Solo, Family","Clean Rooms, Hot Water",Available,7.6 Good,"1,500",Beach ľ 400m,3,https://q-xx.bstatic.com/xdata/images/hotel/840x460/571624443.jpg?k=c089c7161c8be53cd083695637e7d03563352cae506ba9a6a156e0cc943d8590&o=
Tri Sea Hotel,Kovalam Road,Kanyakumari,+91 4652 246 880,trisea.hotel@gmail.com,Resort,48,Moderate,"Couple, Family","Pool, Sea View",Limited,8.2 Very Good,"4,800",Sunrise Point ľ 300m,4,https://cf.bstatic.com/xdata/images/hotel/max1024x768/544009274.jpg?k=491086cb78ee18dfeb5a0e6aeabf986bee595e0302a2715b5c98582bbe5c35ca&o=
